<?xml version="1.0" encoding="UTF-8" standalone="no"?>
<!DOCTYPE sqlMap PUBLIC "-//iBATIS.com//DTD SQL Map 2.0//EN" "http://www.ibatis.com/dtd/sql-map-2.dtd">

<!-- The SQL in these maps files has purposely been typed with more verbosity than is actually required.
 For example, many of the selects could have just used SELECT * FROM... instead of listing all of the columns.
 This is to demonstrate that even complex SQL can be handled and coded and formatted the way SQL was meant
 to be (i.e. not a bunch of concatenated strings in a Java class). -->

<sqlMap namespace="Account">

  <typeAlias alias="account" type="com.ibatis.jpetstore.domain.Account"/>

  <resultMap id="accountResult" class="account">
    <result property="username" column="USERID"/>
    <result property="email" column="EMAIL"/>
    <result property="firstName" column="FIRSTNAME"/>
    <result property="lastName" column="LASTNAME"/>
    <result property="status" column="STATUS"/>
    <result property="address1" column="ADDR1"/>
    <result property="address2" column="ADDR2"/>
    <result property="city" column="CITY"/>
    <result property="state" column="STATE"/>
    <result property="zip" column="ZIP"/>
    <result property="country" column="COUNTRY"/>
    <result property="phone" column="PHONE"/>
    <result property="languagePreference" column="LANGPREF"/>
    <result property="favouriteCategoryId" column="FAVCATEGORY" />
    <result property="listOption" column="MYLISTOPT" />
    <result property="bannerOption" column="BANNEROPT" />
    <result property="bannerName" column="BANNERNAME" />
  </resultMap>

  <select id="getAccountByUsername" resultMap="accountResult" parameterClass="string">
    select
          SIGNON.USERNAME as USERID,
          ACCOUNT.EMAIL,
          ACCOUNT.FIRSTNAME,
          ACCOUNT.LASTNAME,
          ACCOUNT.STATUS,
          ACCOUNT.ADDR1,
          ACCOUNT.ADDR2,
          ACCOUNT.CITY,
          ACCOUNT.STATE,
          ACCOUNT.ZIP,
          ACCOUNT.COUNTRY,
          ACCOUNT.PHONE,
          PROFILE.LANGPREF,
          PROFILE.FAVCATEGORY,
          PROFILE.MYLISTOPT,
          PROFILE.BANNEROPT,
          BANNERDATA.BANNERNAME
    from ACCOUNT, PROFILE, SIGNON, BANNERDATA
    where ACCOUNT.USERID = #value#
      and SIGNON.USERNAME = ACCOUNT.USERID
      and PROFILE.USERID = ACCOUNT.USERID
      and PROFILE.FAVCATEGORY = BANNERDATA.FAVCATEGORY
  </select>

  <select id="getAccountByUsernameAndPassword" resultMap="accountResult" parameterClass="account">
    select
      SIGNON.USERNAME as USERID,
      ACCOUNT.EMAIL,
      ACCOUNT.FIRSTNAME,
      ACCOUNT.LASTNAME,
      ACCOUNT.STATUS,
      ACCOUNT.ADDR1,
      ACCOUNT.ADDR2,
      ACCOUNT.CITY,
      ACCOUNT.STATE,
      ACCOUNT.ZIP,
      ACCOUNT.COUNTRY,
      ACCOUNT.PHONE,
      PROFILE.LANGPREF,
      PROFILE.FAVCATEGORY,
      PROFILE.MYLISTOPT,
      PROFILE.BANNEROPT,
      BANNERDATA.BANNERNAME
    from ACCOUNT, PROFILE, SIGNON, BANNERDATA
    where ACCOUNT.USERID = #username#
      and SIGNON.PASSWORD = #password#
      and SIGNON.USERNAME = ACCOUNT.USERID
      and PROFILE.USERID = ACCOUNT.USERID
      and PROFILE.FAVCATEGORY = BANNERDATA.FAVCATEGORY
  </select>

  <select id="getUsernameList" resultClass="string" parameterClass="account">
    select USERNAME as value from SIGNON
  </select>

  <update id="updateAccount" parameterClass="account">
    update ACCOUNT set EMAIL = #email#, FIRSTNAME = #firstName#, LASTNAME = #lastName#,
    STATUS = #status#, ADDR1 = #address1#,  ADDR2 = #address2:VARCHAR#,  CITY = #city#,
    STATE = #state#, ZIP = #zip#, COUNTRY = #country#,PHONE = #phone# where USERID = #username#
  </update>

  <insert id="insertAccount" parameterClass="account">
    insert into ACCOUNT (EMAIL, FIRSTNAME, LASTNAME, STATUS, ADDR1, ADDR2, CITY, STATE, ZIP, COUNTRY, PHONE, USERID)
    values (#email#, #firstName#, #lastName#, #status#, #address1#,  #address2:VARCHAR#, #city#, #state#, #zip#,
    #country#, #phone#, #username#)
  </insert>

  <update id="updateProfile" parameterClass="account">
    update PROFILE set LANGPREF = #languagePreference#, FAVCATEGORY = #favouriteCategoryId#,
    MYLISTOPT = #listOption#, BANNEROPT = #bannerOption# where USERID = #username#
  </update>

  <insert id="insertProfile" parameterClass="account">
    insert into PROFILE (LANGPREF, FAVCATEGORY, MYLISTOPT, BANNEROPT, USERID)
    values (#languagePreference#, #favouriteCategoryId#, #listOption#, #bannerOption#, #username#)
  </insert>

  <update id="updateSignon" parameterClass="account">
    update SIGNON set PASSWORD = #password# where USERNAME = #username#
  </update>

  <insert id="insertSignon" parameterClass="account">
    insert into SIGNON (PASSWORD,USERNAME) values (#password#, #username#)
  </insert>

</sqlMap>
