<?xml version="1.0" encoding="ISO-8859-1" ?>

<!DOCTYPE struts-config PUBLIC
          "-//Apache Software Foundation//DTD Struts Configuration 1.1//EN"
          "http://jakarta.apache.org/struts/dtds/struts-config_1_1.dtd">

<struts-config>

  <form-beans>
    <form-bean name="accountBean" type="com.ibatis.jpetstore.presentation.AccountBean"/>
    <form-bean name="catalogBean" type="com.ibatis.jpetstore.presentation.CatalogBean"/>
    <form-bean name="cartBean" type="com.ibatis.jpetstore.presentation.CartBean"/>
    <form-bean name="orderBean" type="com.ibatis.jpetstore.presentation.OrderBean"/>
  </form-beans>

  <global-exceptions>
    <exception key="errors.general" type="java.lang.Exception" path="/common/Error.jsp"/>
  </global-exceptions>

  <global-forwards>
    <forward name="failure" path="/common/Error.jsp"/>
    <forward name="error" path="/common/Error.jsp"/>
    <forward name="signon" path="/account/SignonForm.jsp"/>
    <forward name="newOrderForm" path="/shop/newOrderForm.shtml"/>
  </global-forwards>

  <action-mappings>

    <action path="/shop/index" type="com.ibatis.struts.BeanAction"
      validate="false" >
      <forward name="success" path="/catalog/Main.jsp"/>
    </action>

    <!-- CATALOG ACTIONS -->

    <action path="/shop/searchProducts" type="com.ibatis.struts.BeanAction"
      name="catalogBean" scope="session"
      validate="false">
      <forward name="success" path="/catalog/SearchProducts.jsp"/>
    </action>

    <action path="/shop/switchSearchListPage" type="com.ibatis.struts.BeanAction"
      name="catalogBean" scope="session" parameter="switchProductListPage"
      validate="false">
      <forward name="success" path="/catalog/SearchProducts.jsp"/>
    </action>

    <action path="/shop/viewCategory" type="com.ibatis.struts.BeanAction"
      name="catalogBean" scope="session"
      validate="false" >
      <forward name="success" path="/catalog/Category.jsp"/>
    </action>

    <action path="/shop/switchProductListPage" type="com.ibatis.struts.BeanAction"
      name="catalogBean" scope="session"
      validate="false" >
      <forward name="success" path="/catalog/Category.jsp"/>
    </action>

    <action path="/shop/viewProduct" type="com.ibatis.struts.BeanAction"
      name="catalogBean" scope="session"
      validate="false" >
      <forward name="success" path="/catalog/Product.jsp"/>
    </action>

    <action path="/shop/switchItemListPage" type="com.ibatis.struts.BeanAction"
      name="catalogBean" scope="session"
      validate="false" >
      <forward name="success" path="/catalog/Product.jsp"/>
    </action>

    <action path="/shop/viewItem" type="com.ibatis.struts.BeanAction"
      name="catalogBean" scope="session"
      validate="false" input="/catalog/Product.jsp">
      <forward name="success" path="/catalog/Item.jsp"/>
    </action>

    <!-- CART ACTIONS -->

    <action path="/shop/addItemToCart" type="com.ibatis.struts.BeanAction"
      name="cartBean" scope="session"
      validate="false">
      <forward name="success" path="/cart/Cart.jsp"/>
    </action>

    <action path="/shop/removeItemFromCart" type="com.ibatis.struts.BeanAction"
      name="cartBean" scope="session"
      validate="false">
      <forward name="success" path="/cart/Cart.jsp"/>
    </action>

    <action path="/shop/updateCartQuantities" type="com.ibatis.struts.BeanAction"
      name="cartBean" scope="session"
      validate="false">
      <forward name="success" path="/cart/Cart.jsp"/>
    </action>

    <action path="/shop/checkout" type="com.ibatis.struts.BeanAction"
      validate="false">
      <forward name="success" path="/cart/Checkout.jsp"/>
    </action>

    <action path="/shop/viewCart" type="com.ibatis.struts.BeanAction"
      name="cartBean" scope="session"
      validate="false">
      <forward name="success" path="/cart/Cart.jsp"/>
    </action>

    <action path="/shop/switchCartPage" type="com.ibatis.struts.BeanAction"
      name="cartBean" scope="session"
      validate="false">
      <forward name="success" path="/cart/Cart.jsp"/>
    </action>

    <action path="/shop/switchMyListPage" type="com.ibatis.struts.BeanAction"
      name="accountBean" scope="session"
      validate="false">
      <forward name="success" path="/cart/Cart.jsp"/>
    </action>

    <!-- ACCOUNT ACTIONS -->

    <action path="/shop/newAccountForm" type="com.ibatis.struts.BeanAction"
      validate="false">
      <forward name="success" path="/account/NewAccountForm.jsp"/>
    </action>

    <action path="/shop/newAccount" type="com.ibatis.struts.BeanAction"
      name="accountBean" scope="session"
      validate="true" input="/account/NewAccountForm.jsp">
      <forward name="success" path="/shop/index.shtml"/>
    </action>

    <action path="/shop/editAccountForm" type="com.ibatis.struts.BeanAction"
      name="accountBean" scope="session"
      validate="false">
      <forward name="success" path="/account/EditAccountForm.jsp"/>
    </action>

    <action path="/shop/editAccount" type="com.ibatis.struts.BeanAction"
      name="accountBean" scope="session"
      validate="true" input="/account/EditAccountForm.jsp">
      <forward name="success" path="/shop/index.shtml"/>
    </action>

    <action path="/shop/signonForm" type="com.ibatis.struts.BeanAction"
      name="accountBean" scope="session" parameter="*"
      validate="false">
      <forward name="success" path="/account/SignonForm.jsp"/>
    </action>

    <action path="/shop/signon" type="com.ibatis.struts.BeanAction"
      name="accountBean" scope="session"
      validate="false">
      <forward name="success" path="/shop/index.shtml"/>
    </action>

    <action path="/shop/signoff" type="com.ibatis.struts.BeanAction"
      name="accountBean" scope="session"
      validate="false">
      <forward name="success" path="/shop/index.shtml"/>
    </action>

    <!-- ORDER ACTIONS -->

    <action path="/shop/newOrderForm" type="com.ibatis.struts.BeanAction"
      name="orderBean" scope="session"
      validate="false">
      <forward name="success" path="/order/NewOrderForm.jsp"/>
    </action>

    <action path="/shop/newOrder" type="com.ibatis.struts.BeanAction"
      name="orderBean" scope="session"
      validate="true" input="/order/NewOrderForm.jsp">
      <forward name="confirm" path="/order/ConfirmOrder.jsp"/>
      <forward name="shipping" path="/order/ShippingForm.jsp"/>
      <forward name="success" path="/order/ViewOrder.jsp"/>
    </action>

    <action path="/shop/listOrders" type="com.ibatis.struts.BeanAction"
      name="orderBean" scope="session"
      validate="false">
      <forward name="success" path="/order/ListOrders.jsp"/>
    </action>

    <action path="/shop/switchOrderPage" type="com.ibatis.struts.BeanAction"
      name="orderBean" scope="session"
      validate="false">
      <forward name="success" path="/order/ListOrders.jsp"/>
    </action>

    <action path="/shop/viewOrder" type="com.ibatis.struts.BeanAction"
      name="orderBean" scope="session"
      validate="false">
      <forward name="success" path="/order/ViewOrder.jsp"/>
    </action>

  </action-mappings>

  <message-resources parameter="properties.application"/>

</struts-config>
