<?xml version="1.0" encoding="UTF-8" standalone="no"?>
<!DOCTYPE sqlMap PUBLIC "-//iBATIS.com//DTD SQL Map 2.0//EN" "http://www.ibatis.com/dtd/sql-map-2.dtd">

<!-- The SQL in these maps files has purposely been typed with more verbosity than is actually required.
 For example, many of the selects could have just used SELECT * FROM... instead of listing all of the columns.
 This is to demonstrate that even complex SQL can be handled and coded and formatted the way SQL was meant
 to be (i.e. not a bunch of concatenated strings in a Java class). -->
                         
<sqlMap namespace="Sequence">

  <typeAlias alias="sequence" type="com.ibatis.jpetstore.domain.Sequence"/>

  <resultMap id="orderResult" class="sequence">
    <result property="name" column="name"/>
    <result property="nextId" column="nextid"/>
  </resultMap>

  <select id="getSequence" resultMap="orderResult" parameterClass="sequence">
    select name, nextid from SEQUENCE where NAME = #name# 
  </select>

  <update id="updateSequence" parameterClass="sequence">
    update SEQUENCE set NEXTID = #nextId# where NAME = #name#
  </update>

</sqlMap>
