<?xml version="1.0" encoding="UTF-8" standalone="no"?>
<!DOCTYPE sqlMapConfig PUBLIC "-//iBATIS.com//DTD SQL Map Config 2.0//EN" "http://www.ibatis.com/dtd/sql-map-config-2.dtd">
                                             
<sqlMapConfig>

  <properties resource="properties/database.properties"/>

  <settings
    cacheModelsEnabled="true"
    enhancementEnabled="true"
    maxSessions="64"
    maxTransactions="8"
    maxRequests="128"/>

  <transactionManager type="JDBC">
    <dataSource type="SIMPLE">
      <property value="${driver}" name="JDBC.Driver"/>
      <property value="${url}" name="JDBC.ConnectionURL"/>
      <property value="${username}" name="JDBC.Username"/>
      <property value="${password}" name="JDBC.Password"/>
      <property value="15" name="Pool.MaximumActiveConnections"/>
      <property value="15" name="Pool.MaximumIdleConnections"/>
      <property value="1000" name="Pool.MaximumWait"/>
    </dataSource>
  </transactionManager>

  <sqlMap resource="com/ibatis/jpetstore/persistence/sqlmapdao/sql/Account.xml"/>
  <sqlMap resource="com/ibatis/jpetstore/persistence/sqlmapdao/sql/Category.xml"/>
  <sqlMap resource="com/ibatis/jpetstore/persistence/sqlmapdao/sql/Product.xml"/>
  <sqlMap resource="com/ibatis/jpetstore/persistence/sqlmapdao/sql/Sequence.xml"/>
  <sqlMap resource="com/ibatis/jpetstore/persistence/sqlmapdao/sql/LineItem.xml"/>
  <sqlMap resource="com/ibatis/jpetstore/persistence/sqlmapdao/sql/Order.xml"/>
  <sqlMap resource="com/ibatis/jpetstore/persistence/sqlmapdao/sql/Item.xml"/>

</sqlMapConfig>
